epoch,accuracy,loss,val_accuracy,val_loss
0,0.9081768989562988,0.21739788353443146,0.8984642028808594,0.23260484635829926
1,0.8952502012252808,0.24107374250888824,0.8881840705871582,0.2607743740081787
2,0.9031652808189392,0.2265750616788864,0.8913974761962891,0.258695125579834
