epoch,accuracy,loss,val_accuracy,val_loss
0,0.0017886442365124822,-142786.375,4.76837158203125e-07,-5481393.5
