epoch,accuracy,dice_coef,iou,loss,precision,recall,val_accuracy,val_dice_coef,val_iou,val_loss,val_precision,val_recall
0,0.2323141098022461,0.3843827545642853,0.2398524284362793,0.7455956339836121,0.7766751050949097,0.019991716369986534,0.2672134339809418,0.5665851831436157,0.39526957273483276,0.500710129737854,0.6948075294494629,0.11100870370864868
1,0.38090038299560547,0.5942752361297607,0.42313385009765625,0.4752267897129059,0.7488289475440979,0.308521032333374,0.762926459312439,0.6361684203147888,0.466456800699234,0.4216517508029938,0.7859257459640503,0.9573954939842224
2,0.7692831158638,0.6454430222511292,0.4765268862247467,0.4125637412071228,0.7803405523300171,0.9794530868530273,0.7794837951660156,0.6793075799942017,0.5143571496009827,0.37510472536087036,0.7811824679374695,0.997103214263916
3,0.7772310376167297,0.7023131251335144,0.5416197776794434,0.3570651710033417,0.778598427772522,0.9976382851600647,0.7810341119766235,0.7857191562652588,0.6470654606819153,0.2735682427883148,0.7813944220542908,0.9993770718574524
